identifier,lookup_type,class,location_type,location,sha1,stimulus_set_identifier,lookup_source
dicarlo.hvm,stimulus_set,StimulusSet,S3,https://brainio.dicarlo.s3.amazonaws.com/image_dicarlo_hvm.csv,a56f55205904d5fb5ead4d0dc7bfad5cc4083b94,,brainio_brainscore
dicarlo.hvm,stimulus_set,,S3,https://brainio.dicarlo.s3.amazonaws.com/image_dicarlo_hvm.zip,6fd5080deccfb061699909ffcb86a26209516811,,brainio_brainscore
gallant.David2004,stimulus_set,StimulusSet,S3,https://brainio.contrib.s3.amazonaws.com/image_gallant_David2004.csv,8ec76338b998cadcdf1e57edd2dd992e2ab2355b,,brainio_brainscore
gallant.David2004,stimulus_set,,S3,https://brainio.contrib.s3.amazonaws.com/image_gallant_David2004.zip,0200421d66a0613946d39cab64c00b561160016e,,brainio_brainscore
tolias.Cadena2017,stimulus_set,StimulusSet,S3,https://brainio.contrib.s3.amazonaws.com/image_tolias_Cadena2017.csv,f55b174cc4540e5612cfba5e695324328064b051,,brainio_brainscore
tolias.Cadena2017,stimulus_set,,S3,https://brainio.contrib.s3.amazonaws.com/image_tolias_Cadena2017.zip,88cc2ce3ef5e197ffd1477144a2e6a68d424ef6c,,brainio_brainscore
movshon.FreemanZiemba2013,stimulus_set,StimulusSet,S3,https://brainio.contrib.s3.amazonaws.com/image_movshon_FreemanZiemba2013.csv,de0e65a25c7de4c1740f48ac9b1ff513dcfa5caf,,brainio_brainscore
movshon.FreemanZiemba2013,stimulus_set,,S3,https://brainio.contrib.s3.amazonaws.com/image_movshon_FreemanZiemba2013.zip,bdfc3ba2d878d6aeaa842f9de6abeae50922f2f2,,brainio_brainscore
dicarlo.objectome.public,stimulus_set,StimulusSet,S3,https://brainio.dicarlo.s3.amazonaws.com/image_dicarlo_objectome_public.csv,47884e17106a3be471d6481279cab33889b80850,,brainio_brainscore
dicarlo.objectome.public,stimulus_set,,S3,https://brainio.dicarlo.s3.amazonaws.com/image_dicarlo_objectome_public.zip,064f2955f98e63867755fee2e3ead8cddf6bfab8,,brainio_brainscore
dicarlo.objectome.private,stimulus_set,StimulusSet,S3,https://brainio.dicarlo.s3.amazonaws.com/image_dicarlo_objectome_private.csv,ac38e8f7c08fa8294ed25a3bf84a6adb108bf3fc,,brainio_brainscore
dicarlo.objectome.private,stimulus_set,,S3,https://brainio.dicarlo.s3.amazonaws.com/image_dicarlo_objectome_private.zip,ccd39f7f9b8b4a92da06e3960d06225e46208593,,brainio_brainscore
dicarlo.Kar2019,stimulus_set,StimulusSet,S3,https://brainio.dicarlo.s3.amazonaws.com/image_dicarlo_Kar2019.csv,7f705bdea02c0a72a76d7f5e7b6963531df818a6,,brainio_brainscore
dicarlo.Kar2019,stimulus_set,,S3,https://brainio.dicarlo.s3.amazonaws.com/image_dicarlo_Kar2019.zip,75ab7b8b499fc8e86c813f717b79d268bcb986be,,brainio_brainscore
dicarlo.Kar2018cocogray,stimulus_set,StimulusSet,S3,https://brainio.dicarlo.s3.amazonaws.com/image_dicarlo_Kar2018cocogray.csv,be9bb267b80fd7ee36a88d025b73ae8a849165da,,brainio_brainscore
dicarlo.Kar2018cocogray,stimulus_set,,S3,https://brainio.dicarlo.s3.amazonaws.com/image_dicarlo_Kar2018cocogray.zip,1457003ee9b27ed51c018237009fe148c6e71fd3,,brainio_brainscore
dicarlo.hvm-public,stimulus_set,StimulusSet,S3,https://brainio.dicarlo.s3.amazonaws.com/image_dicarlo_hvm-public.csv,5ca7a3da00d8e9c694a9cd725df5ba0ad6d735af,,brainio_brainscore
dicarlo.hvm-public,stimulus_set,,S3,https://brainio.dicarlo.s3.amazonaws.com/image_dicarlo_hvm-public.zip,8aa44e038d7b551efa8077467622f9d48d72e473,,brainio_brainscore
dicarlo.hvm-private,stimulus_set,StimulusSet,S3,https://brainio.dicarlo.s3.amazonaws.com/image_dicarlo_hvm-private.csv,6ff4981722fa05feb73a2bd26bbbba8b50dc29a6,,brainio_brainscore
dicarlo.hvm-private,stimulus_set,,S3,https://brainio.dicarlo.s3.amazonaws.com/image_dicarlo_hvm-private.zip,d7b1ca1876dad87e15b0242b4c82c0203ff3cbd3,,brainio_brainscore
movshon.FreemanZiemba2013-public,stimulus_set,StimulusSet,S3,https://brainio.contrib.s3.amazonaws.com/image_movshon_FreemanZiemba2013-public.csv,b4fee824f361fa0b78d7247ed4192b04cd675d4f,,brainio_brainscore
movshon.FreemanZiemba2013-public,stimulus_set,,S3,https://brainio.contrib.s3.amazonaws.com/image_movshon_FreemanZiemba2013-public.zip,e14d691db081ace829f76bb24dfc055a4fa2eaf9,,brainio_brainscore
movshon.FreemanZiemba2013-private,stimulus_set,StimulusSet,S3,https://brainio.contrib.s3.amazonaws.com/image_movshon_FreemanZiemba2013-private.csv,91bab3340410ff5171490a337c5931545f29da82,,brainio_brainscore
movshon.FreemanZiemba2013-private,stimulus_set,,S3,https://brainio.contrib.s3.amazonaws.com/image_movshon_FreemanZiemba2013-private.zip,c2adb4c0f2f0fbbc6006a879234740131ed2dcbb,,brainio_brainscore
klab.Zhang2018.search_obj_array,stimulus_set,StimulusSet,S3,https://brainio.contrib.s3.amazonaws.com/image_klab_Zhang2018_search_obj_array.csv,e9c2f6b35b84256242d257e8d36261aa26d3ed4a,,brainio_brainscore
klab.Zhang2018.search_obj_array,stimulus_set,,S3,https://brainio.contrib.s3.amazonaws.com/image_klab_Zhang2018_search_obj_array.zip,d92dfb20a87bb9a015c77c2862a215e8fa4f2cc3,,brainio_brainscore
movshon.FreemanZiemba2013.aperture-public,stimulus_set,StimulusSet,S3,https://brainio.contrib.s3.amazonaws.com/image_movshon_FreemanZiemba2013_aperture-public.csv,194c9b301a4e3e9cff02481d4c19b39331d52660,,brainio_brainscore
movshon.FreemanZiemba2013.aperture-public,stimulus_set,,S3,https://brainio.contrib.s3.amazonaws.com/image_movshon_FreemanZiemba2013_aperture-public.zip,ad3c6c237491485c863acd2f4d2f219f737e424c,,brainio_brainscore
movshon.FreemanZiemba2013.aperture-private,stimulus_set,StimulusSet,S3,https://brainio.contrib.s3.amazonaws.com/image_movshon_FreemanZiemba2013_aperture-private.csv,65bee31483dd743ae2a19c6af03b9abe5f4d5a41,,brainio_brainscore
movshon.FreemanZiemba2013.aperture-private,stimulus_set,,S3,https://brainio.contrib.s3.amazonaws.com/image_movshon_FreemanZiemba2013_aperture-private.zip,0015c94e01d037994cdde1b2e3d169ab99f380dc,,brainio_brainscore
movshon.FreemanZiemba2013.aperture,stimulus_set,StimulusSet,S3,https://brainio.contrib.s3.amazonaws.com/image_movshon_FreemanZiemba2013_aperture.csv,4205eca54974da46accba7812fce25c1b6df58e0,,brainio_brainscore
movshon.FreemanZiemba2013.aperture,stimulus_set,,S3,https://brainio.contrib.s3.amazonaws.com/image_movshon_FreemanZiemba2013_aperture.zip,ab07880a0770bd73f68bcd5fd34e6cd945ee17fc,,brainio_brainscore
dicarlo.Rajalingham2020orthographic_IT,stimulus_set,StimulusSet,S3,https://brainio.dicarlo.s3.amazonaws.com/image_dicarlo_Rajalingham2020orthographic_IT.csv,3ac9ab73b653ac9cf839f9bfde131354a3766ccd,,brainio_brainscore
dicarlo.Rajalingham2020orthographic_IT,stimulus_set,,S3,https://brainio.dicarlo.s3.amazonaws.com/image_dicarlo_Rajalingham2020orthographic_IT.zip,0e025f6f8b06e803a6d8d1a17bd25a41af3e81db,,brainio_brainscore
dicarlo.MajajHong2015,assembly,NeuronRecordingAssembly,S3,https://brainio.dicarlo.s3.amazonaws.com/assy_dicarlo_MajajHong2015.nc,bf8f8d01010d727e3db3f85a9bd5f95f9456b7ec,dicarlo.hvm,brainio_brainscore
gallant.David2004,assembly,NeuronRecordingAssembly,S3,https://brainio.contrib.s3.amazonaws.com/assy_gallant_David2004.nc,d2ed9834c054da2333f5d894285c9841a1f27313,gallant.David2004,brainio_brainscore
dicarlo.MajajHong2015.temporal,assembly,NeuronRecordingAssembly,S3,https://brainio.dicarlo.s3.amazonaws.com/assy_dicarlo_MajajHong2015_temporal.nc,4c5cfe25ad53162c5c716d64004de269162eff38,dicarlo.hvm,brainio_brainscore
tolias.Cadena2017,assembly,NeuronRecordingAssembly,S3,https://brainio.contrib.s3.amazonaws.com/assy_tolias_Cadena2017.nc,69bcaaa9370dceb0027beaa06235ef418c3d7063,tolias.Cadena2017,brainio_brainscore
movshon.FreemanZiemba2013.noaperture,assembly,NeuronRecordingAssembly,S3,https://brainio.contrib.s3.amazonaws.com/assy_movshon_FreemanZiemba2013_noaperture.nc,6176fd435ab840d284c2c426742c8211622739b5,movshon.FreemanZiemba2013,brainio_brainscore
dicarlo.Rajalingham2018.public,assembly,BehavioralAssembly,S3,https://brainio.dicarlo.s3.amazonaws.com/assy_dicarlo_Rajalingham2018_public.nc,34c6a8b6f7c523589c1861e4123232e5f7c7df4c,dicarlo.objectome.public,brainio_brainscore
dicarlo.Rajalingham2018.private,assembly,BehavioralAssembly,S3,https://brainio.dicarlo.s3.amazonaws.com/assy_dicarlo_Rajalingham2018_private.nc,516f13793d1c5b72bb445bb4008448ce97a02d23,dicarlo.objectome.private,brainio_brainscore
dicarlo.Kar2019,assembly,DataAssembly,S3,https://brainio.dicarlo.s3.amazonaws.com/assy_dicarlo_Kar2019.nc,147717ce397e11d56164d472063a84a83bbcbb94,dicarlo.Kar2019,brainio_brainscore
dicarlo.MajajHong2015.temporal-10ms,assembly,NeuronRecordingAssembly,S3,https://brainio.dicarlo.s3.amazonaws.com/assy_dicarlo_MajajHong2015_temporal-10ms.nc,3a43db05db722b456d156f53b7215413c994e5b5,dicarlo.hvm,brainio_brainscore
dicarlo.Kar2018hvm,assembly,NeuronRecordingAssembly,S3,https://brainio.dicarlo.s3.amazonaws.com/assy_dicarlo_Kar2018hvm.nc,96ccacc76c5fa30ee68bdc8736d1d43ace93f3e7,dicarlo.hvm,brainio_brainscore
dicarlo.Kar2018cocogray,assembly,NeuronRecordingAssembly,S3,https://brainio.dicarlo.s3.amazonaws.com/assy_dicarlo_Kar2018cocogray.nc,4202cb3992a5d71f71a7ca9e28ba3f8b27937b43,dicarlo.Kar2018cocogray,brainio_brainscore
dicarlo.MajajHong2015.public,assembly,NeuronRecordingAssembly,S3,https://brainio.dicarlo.s3.amazonaws.com/assy_dicarlo_MajajHong2015_public.nc,13d28ca0ce88ee550b54db3004374ae19096e9b9,dicarlo.hvm-public,brainio_brainscore
dicarlo.MajajHong2015.private,assembly,NeuronRecordingAssembly,S3,https://brainio.dicarlo.s3.amazonaws.com/assy_dicarlo_MajajHong2015_private.nc,7a40d16148d6f82939155f0bd976d310857fb156,dicarlo.hvm-private,brainio_brainscore
dicarlo.MajajHong2015.temporal.public,assembly,NeuronRecordingAssembly,S3,https://brainio.dicarlo.s3.amazonaws.com/assy_dicarlo_MajajHong2015_temporal_public.nc,093ac35b3e8464c676d24cf38238415d4d6a9448,dicarlo.hvm-public,brainio_brainscore
dicarlo.MajajHong2015.temporal.private,assembly,NeuronRecordingAssembly,S3,https://brainio.dicarlo.s3.amazonaws.com/assy_dicarlo_MajajHong2015_temporal_private.nc,804ea9e7c08ae9ab7a7d705c9c7e68582750e2ea,dicarlo.hvm-private,brainio_brainscore
movshon.FreemanZiemba2013.noaperture.public,assembly,NeuronRecordingAssembly,S3,https://brainio.contrib.s3.amazonaws.com/assy_movshon_FreemanZiemba2013_noaperture_public.nc,68dd9e1da7207dc2ae17dbbb1adf628e922d15fa,movshon.FreemanZiemba2013-public,brainio_brainscore
movshon.FreemanZiemba2013.noaperture.private,assembly,NeuronRecordingAssembly,S3,https://brainio.contrib.s3.amazonaws.com/assy_movshon_FreemanZiemba2013_noaperture_private.nc,9ffa772ce61754f6f5b7b391436680ebc25bb8dd,movshon.FreemanZiemba2013-private,brainio_brainscore
klab.Zhang2018search_obj_array,assembly,BehavioralAssembly,S3,https://brainio.contrib.s3.amazonaws.com/assy_klab_Zhang2018search_obj_array.nc,84400dc814b79df8d8eca99a557df5f741cce4b9,klab.Zhang2018.search_obj_array,brainio_brainscore
movshon.FreemanZiemba2013.public,assembly,NeuronRecordingAssembly,S3,https://brainio.contrib.s3.amazonaws.com/assy_movshon_FreemanZiemba2013_public.nc,761c08f796db4e342555cdb60eef23a4f19ead43,movshon.FreemanZiemba2013.aperture-public,brainio_brainscore
movshon.FreemanZiemba2013.private,assembly,NeuronRecordingAssembly,S3,https://brainio.contrib.s3.amazonaws.com/assy_movshon_FreemanZiemba2013_private.nc,63f636fa2e2b51b47a676768a69b06ce95efdd8f,movshon.FreemanZiemba2013.aperture-private,brainio_brainscore
movshon.FreemanZiemba2013,assembly,NeuronRecordingAssembly,S3,https://brainio.contrib.s3.amazonaws.com/assy_movshon_FreemanZiemba2013.nc,f03f1630f0ab1e2dbd51816b47fbf2916876134e,movshon.FreemanZiemba2013.aperture,brainio_brainscore
dicarlo.Rust2012,stimulus_set,StimulusSet,S3,https://brainio.dicarlo.s3.amazonaws.com/image_dicarlo_Rust2012.csv,482da1f9f4a0ab5433c3b7b57073ad30e45c2bf1,,brainio_brainscore
dicarlo.Rust2012,stimulus_set,,S3,https://brainio.dicarlo.s3.amazonaws.com/image_dicarlo_Rust2012.zip,7cbf5dcec235f7705eaad1cfae202eda77e261a2,,brainio_brainscore
dicarlo.SanghaviMurty2020,assembly,NeuronRecordingAssembly,S3,https://brainio.dicarlo.s3.amazonaws.com/assy_dicarlo_SanghaviMurty2020.nc,6cb8e054688066d1d86d4944e1385efc6a69ebd4,dicarlo.Rust2012,brainio_brainscore
dicarlo.BOLD5000,stimulus_set,StimulusSet,S3,https://brainio.dicarlo.s3.amazonaws.com/image_dicarlo_BOLD5000.csv,51ac47ea03ed2e72864a95065494c2fabe779f6e,,brainio_brainscore
dicarlo.BOLD5000,stimulus_set,,S3,https://brainio.dicarlo.s3.amazonaws.com/image_dicarlo_BOLD5000.zip,1a2e6d782dcd21bbe60460d85d83b13fa76a9543,,brainio_brainscore
dicarlo.SanghaviJozwik2020,assembly,NeuronRecordingAssembly,S3,https://brainio.dicarlo.s3.amazonaws.com/assy_dicarlo_SanghaviJozwik2020.nc,c5841f1e7d2cf0544a6ee010e56e4e2eb0994ee0,dicarlo.BOLD5000,brainio_brainscore
dicarlo.Sanghavi2020,assembly,NeuronRecordingAssembly,S3,https://brainio.dicarlo.s3.amazonaws.com/assy_dicarlo_Sanghavi2020.nc,12e94e9dcda797c851021dfe818b64615c785866,dicarlo.hvm,brainio_brainscore
dicarlo.THINGS1,stimulus_set,StimulusSet,S3,https://brainio.dicarlo.s3.amazonaws.com/image_dicarlo_THINGS1.csv,e02469d805e1b9c1a18403e9b0b8a37ee6da5130,,brainio_brainscore
dicarlo.THINGS1,stimulus_set,,S3,https://brainio.dicarlo.s3.amazonaws.com/image_dicarlo_THINGS1.zip,fb716eb58c303157dd577a70caad5c8079e74e9b,,brainio_brainscore
dicarlo.SanghaviMurty2020THINGS1,assembly,NeuronRecordingAssembly,S3,https://brainio.dicarlo.s3.amazonaws.com/assy_dicarlo_SanghaviMurty2020THINGS1.nc,718def227d38c8425f449512e47a2df81c04de62,dicarlo.THINGS1,brainio_brainscore
dicarlo.THINGS2,stimulus_set,StimulusSet,S3,https://brainio.dicarlo.s3.amazonaws.com/image_dicarlo_THINGS2.csv,86c8beda8f495cd69ed047d3457902dd98e4904c,,brainio_brainscore
dicarlo.THINGS2,stimulus_set,,S3,https://brainio.dicarlo.s3.amazonaws.com/image_dicarlo_THINGS2.zip,e7918dd10102b67464bc652fdb3ced25ee1fbe7a,,brainio_brainscore
dicarlo.SanghaviMurty2020THINGS2,assembly,NeuronRecordingAssembly,S3,https://brainio.dicarlo.s3.amazonaws.com/assy_dicarlo_SanghaviMurty2020THINGS2.nc,80962139823cb145e2385c344e3945e99ed97fa2,dicarlo.THINGS2,brainio_brainscore
dietterich.Hendrycks2019.noise,stimulus_set,StimulusSet,S3,https://brainio-contrib.s3.amazonaws.com/image_dietterich_Hendrycks2019_noise.csv,56f445e058b4d825e7731711c824918812ed2d2d,,brainio_brainscore
dietterich.Hendrycks2019.noise,stimulus_set,,S3,https://brainio-contrib.s3.amazonaws.com/image_dietterich_Hendrycks2019_noise.zip,e3c46b81bfd8a522cadcd8a4bb0c67bb5ccb4c6a,,brainio_brainscore
dietterich.Hendrycks2019.blur,stimulus_set,StimulusSet,S3,https://brainio-contrib.s3.amazonaws.com/image_dietterich_Hendrycks2019_blur.csv,e7a537bb2f3f94b9cd3819a529de9f4349e58bd2,,brainio_brainscore
dietterich.Hendrycks2019.blur,stimulus_set,,S3,https://brainio-contrib.s3.amazonaws.com/image_dietterich_Hendrycks2019_blur.zip,85bac6d7c9b9646b22480f65cf6f1486fcf4b488,,brainio_brainscore
dietterich.Hendrycks2019.weather,stimulus_set,StimulusSet,S3,https://brainio-contrib.s3.amazonaws.com/image_dietterich_Hendrycks2019_weather.csv,02fa92430be754163ecd06ee9211c1edd8984207,,brainio_brainscore
dietterich.Hendrycks2019.weather,stimulus_set,,S3,https://brainio-contrib.s3.amazonaws.com/image_dietterich_Hendrycks2019_weather.zip,18ef85343b10a4a326b5fc0758b9ae1da58f7d90,,brainio_brainscore
dietterich.Hendrycks2019.digital,stimulus_set,StimulusSet,S3,https://brainio-contrib.s3.amazonaws.com/image_dietterich_Hendrycks2019_digital.csv,1e9611b560333989d4673bfd019160a27842f89b,,brainio_brainscore
dietterich.Hendrycks2019.digital,stimulus_set,,S3,https://brainio-contrib.s3.amazonaws.com/image_dietterich_Hendrycks2019_digital.zip,a10e8d7eabce191d1f8e92983c08b4f0fe0f435d,,brainio_brainscore
dicarlo.Rajalingham2020,stimulus_set,StimulusSet,S3,https://brainio.dicarlo.s3.amazonaws.com/image_dicarlo_Rajalingham2020.csv,9a9a6b3115d2d8ce5d54ec2522093d8a87ed13a0,,brainio_brainscore
dicarlo.Rajalingham2020,stimulus_set,,S3,https://brainio.dicarlo.s3.amazonaws.com/image_dicarlo_Rajalingham2020.zip,6097086901032e20f8ae764e9cc06e0a891a3e18,,brainio_brainscore
dicarlo.Rajalingham2020,assembly,NeuronRecordingAssembly,S3,https://brainio.dicarlo.s3.amazonaws.com/assy_dicarlo_Rajalingham2020.nc,ab95ae6c9907438f87b9b13b238244049f588680,dicarlo.Rajalingham2020,brainio_brainscore
fei-fei.Deng2009,stimulus_set,StimulusSet,S3,https://brainio.contrib.s3.amazonaws.com/image_fei-fei_Deng2009.csv,ff79dcf6b0d115e6e8aa8d0fbba3af11dc649e57,,brainio_brainscore
fei-fei.Deng2009,stimulus_set,,S3,https://brainio.contrib.s3.amazonaws.com/image_fei-fei_Deng2009.zip,78172d752d8216a00833cfa34be67c8532ad7330,,brainio_brainscore
dicarlo.Seibert2019,assembly,NeuronRecordingAssembly,S3,https://brainio.dicarlo.s3.amazonaws.com/assy_dicarlo_Seibert2019.nc,eef41bb1f3d83c0e60ebf0e91511ce71ef5fee32,dicarlo.hvm,brainio_brainscore
aru.Kuzovkin2018,stimulus_set,StimulusSet,S3,https://brainio.contrib.s3.amazonaws.com/image_aru_Kuzovkin2018.csv,a5990b24aea3e453756141cbe69a83304db72d0b,,brainio_brainscore
aru.Kuzovkin2018,stimulus_set,,S3,https://brainio.contrib.s3.amazonaws.com/image_aru_Kuzovkin2018.zip,cca4d819d7743bdd4bf65c1cb2439fd0ec97543a,,brainio_brainscore
aru.Kuzovkin2018,assembly,NeuronRecordingAssembly,S3,https://brainio.contrib.s3.amazonaws.com/assy_aru_Kuzovkin2018.nc,5fae8b283a043562ce9925d48ad99db151f39067,aru.Kuzovkin2018,brainio_brainscore
dicarlo.Rust2012.single,assembly,NeuronRecordingAssembly,S3,https://brainio.dicarlo.s3.amazonaws.com/assy_dicarlo_Rust2012_single.nc,4ef420e70fbd0de3745df5be7c83dfc0a8f2e528,dicarlo.Rust2012,brainio_brainscore
dicarlo.Rust2012.array,assembly,NeuronRecordingAssembly,S3,https://brainio.dicarlo.s3.amazonaws.com/assy_dicarlo_Rust2012_array.nc,6709b641751370acfccd9567e3d75b71865a71ab,dicarlo.Rust2012,brainio_brainscore
dicarlo.BashivanKar2019.naturalistic,stimulus_set,StimulusSet,S3,https://brainio.dicarlo.s3.amazonaws.com/image_dicarlo_BashivanKar2019_naturalistic.csv,48ef84282552b8796142ffe7d0d2c632f8ef061a,,brainio_brainscore
dicarlo.BashivanKar2019.naturalistic,stimulus_set,,S3,https://brainio.dicarlo.s3.amazonaws.com/image_dicarlo_BashivanKar2019_naturalistic.zip,d7b71b431cf23d435395205f1e38036a9e10acca,,brainio_brainscore
dicarlo.BashivanKar2019.naturalistic,assembly,NeuronRecordingAssembly,S3,https://brainio.dicarlo.s3.amazonaws.com/assy_dicarlo_BashivanKar2019_naturalistic.nc,1ec2f32ef800f0c6e15879d883be1d55b51b8b67,dicarlo.BashivanKar2019.naturalistic,brainio_brainscore
dicarlo.BashivanKar2019.synthetic,stimulus_set,StimulusSet,S3,https://brainio.dicarlo.s3.amazonaws.com/image_dicarlo_BashivanKar2019_synthetic.csv,81da195e9b2a128b228fc4867e23ae6b21bd7abd,,brainio_brainscore
dicarlo.BashivanKar2019.synthetic,stimulus_set,,S3,https://brainio.dicarlo.s3.amazonaws.com/image_dicarlo_BashivanKar2019_synthetic.zip,e2de33f25c5c19bcfb400055c1db399d553487e5,,brainio_brainscore
dicarlo.BashivanKar2019.synthetic,assembly,NeuronRecordingAssembly,S3,https://brainio.dicarlo.s3.amazonaws.com/assy_dicarlo_BashivanKar2019_synthetic.nc,f687c8d26f8943dc379dbcbe94d3feb148400c6b,dicarlo.BashivanKar2019.synthetic,brainio_brainscore
aru.Cichy2019,stimulus_set,StimulusSet,S3,https://brainio.contrib.s3.amazonaws.com/image_aru_Cichy2019.csv,281c4d9d0dd91a2916674638098fe94afb87d29a,,brainio_brainscore
aru.Cichy2019,stimulus_set,,S3,https://brainio.contrib.s3.amazonaws.com/image_aru_Cichy2019.zip,d2166dd9c2720cb24bc520f5041e6830779c0240,,brainio_brainscore
aru.Cichy2019,assembly,DataAssembly,S3,https://brainio.contrib.s3.amazonaws.com/assy_aru_Cichy2019.nc,701e63be62b642082d476244d0d91d510b3ff05d,aru.Cichy2019,brainio_brainscore
dicarlo.ImageNetSlim15000,stimulus_set,StimulusSet,S3,https://brainio.requested.s3.amazonaws.com/image_dicarlo_ImageNetSlim15000.csv,56f79de36060147bc43ae89778e26d50f73c3a63,,brainio_brainscore
dicarlo.ImageNetSlim15000,stimulus_set,,S3,https://brainio.requested.s3.amazonaws.com/image_dicarlo_ImageNetSlim15000.zip,633d08474e3067add834f4ddf552642c538db112,,brainio_brainscore
dicarlo.Marques2020_blank,stimulus_set,StimulusSet,S3,https://brainio.dicarlo.s3.amazonaws.com/image_dicarlo_Marques2020_blank.csv,c02d44b0d3e157b29c6b96c5c5a478a8b37dc70b,,brainio_brainscore
dicarlo.Marques2020_blank,stimulus_set,,S3,https://brainio.dicarlo.s3.amazonaws.com/image_dicarlo_Marques2020_blank.zip,5c4eef94691d6d63f8b1610918728b8531fc861e,,brainio_brainscore
dicarlo.Marques2020_receptive_field,stimulus_set,StimulusSet,S3,https://brainio.dicarlo.s3.amazonaws.com/image_dicarlo_Marques2020_receptive_field.csv,e3681c69122b20ff3dd22486f546a26b3a97e057,,brainio_brainscore
dicarlo.Marques2020_receptive_field,stimulus_set,,S3,https://brainio.dicarlo.s3.amazonaws.com/image_dicarlo_Marques2020_receptive_field.zip,fc21a9302bb0fca85350049ab740af80f2307ece,,brainio_brainscore
dicarlo.Marques2020_orientation,stimulus_set,StimulusSet,S3,https://brainio.dicarlo.s3.amazonaws.com/image_dicarlo_Marques2020_orientation.csv,b316c6d9c6ddb58f8f21e79ae2b59b03933c0068,,brainio_brainscore
dicarlo.Marques2020_orientation,stimulus_set,,S3,https://brainio.dicarlo.s3.amazonaws.com/image_dicarlo_Marques2020_orientation.zip,6a02466e221ac314da2db2969c89688dff64ab1b,,brainio_brainscore
dicarlo.Marques2020_spatial_frequency,stimulus_set,StimulusSet,S3,https://brainio.dicarlo.s3.amazonaws.com/image_dicarlo_Marques2020_spatial_frequency.csv,31d0293c8aa1590f4680bb8a9446f56135b8d646,,brainio_brainscore
dicarlo.Marques2020_spatial_frequency,stimulus_set,,S3,https://brainio.dicarlo.s3.amazonaws.com/image_dicarlo_Marques2020_spatial_frequency.zip,6fdeee4366514b9a0ff9c52e52c13762a62ceaab,,brainio_brainscore
dicarlo.Marques2020_size,stimulus_set,StimulusSet,S3,https://brainio.dicarlo.s3.amazonaws.com/image_dicarlo_Marques2020_size.csv,0fd0aeea8fa6ff2b30ee9a6a684d4600590d631f,,brainio_brainscore
dicarlo.Marques2020_size,stimulus_set,,S3,https://brainio.dicarlo.s3.amazonaws.com/image_dicarlo_Marques2020_size.zip,11122de2784218b7dd4cd0b557e62583ca7ee283,,brainio_brainscore
movshon.FreemanZiemba2013_properties,stimulus_set,StimulusSet,S3,https://brainio.contrib.s3.amazonaws.com/image_movshon_FreemanZiemba2013_properties.csv,6f7bcb5d0c01e81c9fbdcec9bf586cbb579a9b02,,brainio_brainscore
movshon.FreemanZiemba2013_properties,stimulus_set,,S3,https://brainio.contrib.s3.amazonaws.com/image_movshon_FreemanZiemba2013_properties.zip,c64a0d6b447676a6d5cff3d3625a5f294e62ff97,,brainio_brainscore
movshon.Cavanaugh2002a,assembly,PropertyAssembly,S3,https://brainio.contrib.s3.amazonaws.com/assy_movshon_Cavanaugh2002a.nc,d4b24f4bbf8a14138a8e98391ab03796c2c05e7d,dicarlo.Marques2020_size,brainio_brainscore
devalois.DeValois1982a,assembly,PropertyAssembly,S3,https://brainio.contrib.s3.amazonaws.com/assy_devalois_DeValois1982a.nc,8f4fd70e987c3c566b5b6c6bf15ef27637618b2c,dicarlo.Marques2020_orientation,brainio_brainscore
devalois.DeValois1982b,assembly,PropertyAssembly,S3,https://brainio.contrib.s3.amazonaws.com/assy_devalois_DeValois1982b.nc,611176eefdac09feaa4c07f081784c24067629e1,dicarlo.Marques2020_spatial_frequency,brainio_brainscore
movshon.FreemanZiemba2013_V1_properties,assembly,PropertyAssembly,S3,https://brainio.contrib.s3.amazonaws.com/assy_movshon_FreemanZiemba2013_V1_properties.nc,e665522d9a32e6cd6c3ebc61ff65fd3899c8d3e6,movshon.FreemanZiemba2013_properties,brainio_brainscore
shapley.Ringach2002,assembly,PropertyAssembly,S3,https://brainio.contrib.s3.amazonaws.com/assy_shapley_Ringach2002.nc,0f3e19140bd9f930109879a38e574471d9576cf5,dicarlo.Marques2020_orientation,brainio_brainscore
schiller.Schiller1976c,assembly,PropertyAssembly,S3,https://brainio.contrib.s3.amazonaws.com/assy_schiller_Schiller1976c.nc,58daa02ba2680e75dcb11b37eb6085c4afb6576e,dicarlo.Marques2020_spatial_frequency,brainio_brainscore
brendel.Geirhos2021_colour,stimulus_set,StimulusSet,S3,https://brainio-brainscore.s3.amazonaws.com/image_brendel_Geirhos2021_colour.csv,9c97c155fd6039a95978be89eb604c6894c5fa16,,brainio_brainscore
brendel.Geirhos2021_colour,stimulus_set,,S3,https://brainio-brainscore.s3.amazonaws.com/image_brendel_Geirhos2021_colour.zip,d166f1d3dc3d00c4f51a489e6fcf96dbbe778d2c,,brainio_brainscore
brendel.Geirhos2021_sketch,stimulus_set,StimulusSet,S3,https://brainio-brainscore.s3.amazonaws.com/image_brendel_Geirhos2021_sketch.csv,a5741b2f7bd08541a0dbefd7fb2d6a3845ca800b,,brainio_brainscore
brendel.Geirhos2021_sketch,stimulus_set,,S3,https://brainio-brainscore.s3.amazonaws.com/image_brendel_Geirhos2021_sketch.zip,8e8712f08a5ad3655ea2bd8cd675db8cdf65129a,,brainio_brainscore
brendel.Geirhos2021_contrast,stimulus_set,StimulusSet,S3,https://brainio-brainscore.s3.amazonaws.com/image_brendel_Geirhos2021_contrast.csv,f6ef69a2e8937e1d0d83c8a21b325b4273494cb5,,brainio_brainscore
brendel.Geirhos2021_contrast,stimulus_set,,S3,https://brainio-brainscore.s3.amazonaws.com/image_brendel_Geirhos2021_contrast.zip,ebeeef2f9c6a7282e20ef2026dc77eefa026957b,,brainio_brainscore
brendel.Geirhos2021_eidolonI,stimulus_set,StimulusSet,S3,https://brainio-brainscore.s3.amazonaws.com/image_brendel_Geirhos2021_eidolonI.csv,049adbed36fed52c609d38d5230e6084336df6b9,,brainio_brainscore
brendel.Geirhos2021_eidolonI,stimulus_set,,S3,https://brainio-brainscore.s3.amazonaws.com/image_brendel_Geirhos2021_eidolonI.zip,abaa45a225628dd66e424ec7d8e2b10a0c88bc0d,,brainio_brainscore
brendel.Geirhos2021_eidolonIII,stimulus_set,StimulusSet,S3,https://brainio-brainscore.s3.amazonaws.com/image_brendel_Geirhos2021_eidolonIII.csv,ba0173b315f02df16d418dc3ff1df7dc498b4893,,brainio_brainscore
brendel.Geirhos2021_eidolonIII,stimulus_set,,S3,https://brainio-brainscore.s3.amazonaws.com/image_brendel_Geirhos2021_eidolonIII.zip,d0304c0c0024d0f493ea9c0c47ae0221da391016,,brainio_brainscore
brendel.Geirhos2021_high-pass,stimulus_set,StimulusSet,S3,https://brainio-brainscore.s3.amazonaws.com/image_brendel_Geirhos2021_high-pass.csv,ddf523dcf43398cc15894c7b51c436d526e6c992,,brainio_brainscore
brendel.Geirhos2021_high-pass,stimulus_set,,S3,https://brainio-brainscore.s3.amazonaws.com/image_brendel_Geirhos2021_high-pass.zip,12322bb17270a5dde206314fcdc125c4bb235e3b,,brainio_brainscore
brendel.Geirhos2021_low-pass,stimulus_set,StimulusSet,S3,https://brainio-brainscore.s3.amazonaws.com/image_brendel_Geirhos2021_low-pass.csv,1264f9be407c7d428cf3d62a7bb1b1bb45a821bc,,brainio_brainscore
brendel.Geirhos2021_low-pass,stimulus_set,,S3,https://brainio-brainscore.s3.amazonaws.com/image_brendel_Geirhos2021_low-pass.zip,ad087676e04e51adadea7c7c5c1fa28e4dd6360c,,brainio_brainscore
brendel.Geirhos2021_phase-scrambling,stimulus_set,StimulusSet,S3,https://brainio-brainscore.s3.amazonaws.com/image_brendel_Geirhos2021_phase-scrambling.csv,0cc87f7ac42c2266f98d3a08783f7173499ec2fc,,brainio_brainscore
brendel.Geirhos2021_phase-scrambling,stimulus_set,,S3,https://brainio-brainscore.s3.amazonaws.com/image_brendel_Geirhos2021_phase-scrambling.zip,462e77ab9533072b7036118f1f697e8c9bf30ae4,,brainio_brainscore
brendel.Geirhos2021_rotation,stimulus_set,StimulusSet,S3,https://brainio-brainscore.s3.amazonaws.com/image_brendel_Geirhos2021_rotation.csv,2577831e9ead905669613fa17cb2651d0c48a455,,brainio_brainscore
brendel.Geirhos2021_rotation,stimulus_set,,S3,https://brainio-brainscore.s3.amazonaws.com/image_brendel_Geirhos2021_rotation.zip,8f5d9cb217807e96ace61337144e429d0d4ba04c,,brainio_brainscore
brendel.Geirhos2021_uniform-noise,stimulus_set,StimulusSet,S3,https://brainio-brainscore.s3.amazonaws.com/image_brendel_Geirhos2021_uniform-noise.csv,89b62a6af878974d388278ed0e23e8ed1c2fd855,,brainio_brainscore
brendel.Geirhos2021_uniform-noise,stimulus_set,,S3,https://brainio-brainscore.s3.amazonaws.com/image_brendel_Geirhos2021_uniform-noise.zip,ff4566542d65056028660293e2409b532e887714,,brainio_brainscore
brendel.Geirhos2021_eidolonII,stimulus_set,StimulusSet,S3,https://brainio-brainscore.s3.amazonaws.com/image_brendel_Geirhos2021_eidolonII.csv,1806ada128c260ab54db570d2e73aea71d679754,,brainio_brainscore
brendel.Geirhos2021_eidolonII,stimulus_set,,S3,https://brainio-brainscore.s3.amazonaws.com/image_brendel_Geirhos2021_eidolonII.zip,2654ba55291f8ab972f18b36565f9ead80a45339,,brainio_brainscore
brendel.Geirhos2021_power-equalisation,stimulus_set,StimulusSet,S3,https://brainio-brainscore.s3.amazonaws.com/image_brendel_Geirhos2021_power-equalisation.csv,743935476b1fe4b7bd4d01a4eed24cd9ed5b3a22,,brainio_brainscore
brendel.Geirhos2021_power-equalisation,stimulus_set,,S3,https://brainio-brainscore.s3.amazonaws.com/image_brendel_Geirhos2021_power-equalisation.zip,a0d5307525bccf8da8f3d293e7e324b9b20248c6,,brainio_brainscore
brendel.Geirhos2021_stylized,stimulus_set,StimulusSet,S3,https://brainio-brainscore.s3.amazonaws.com/image_brendel_Geirhos2021_stylized.csv,2265a540dee6915150bf7c61143eaf788f603866,,brainio_brainscore
brendel.Geirhos2021_stylized,stimulus_set,,S3,https://brainio-brainscore.s3.amazonaws.com/image_brendel_Geirhos2021_stylized.zip,75d273e8de643b0d814fbe60cd237c31ebe19c44,,brainio_brainscore
brendel.Geirhos2021_edge,stimulus_set,StimulusSet,S3,https://brainio-brainscore.s3.amazonaws.com/image_brendel_Geirhos2021_edge.csv,fb57005ecb80e4e37b01e084f1f176fe7f59ff7f,,brainio_brainscore
brendel.Geirhos2021_edge,stimulus_set,,S3,https://brainio-brainscore.s3.amazonaws.com/image_brendel_Geirhos2021_edge.zip,6c1199d90836a26be454aa799864a63c5efacaa1,,brainio_brainscore
brendel.Geirhos2021_silhouette,stimulus_set,StimulusSet,S3,https://brainio-brainscore.s3.amazonaws.com/image_brendel_Geirhos2021_silhouette.csv,fb57005ecb80e4e37b01e084f1f176fe7f59ff7f,,brainio_brainscore
brendel.Geirhos2021_silhouette,stimulus_set,,S3,https://brainio-brainscore.s3.amazonaws.com/image_brendel_Geirhos2021_silhouette.zip,36c8a481f7876a2af2ad4fe80890b302fe3ae91e,,brainio_brainscore
brendel.Geirhos2021_false-colour,stimulus_set,StimulusSet,S3,https://brainio-brainscore.s3.amazonaws.com/image_brendel_Geirhos2021_false-colour.csv,8a09a7af8ec44339bcae5500ae5900d9c4309042,,brainio_brainscore
brendel.Geirhos2021_false-colour,stimulus_set,,S3,https://brainio-brainscore.s3.amazonaws.com/image_brendel_Geirhos2021_false-colour.zip,ec0ba347fc14d0c0587d38bfa96e4ab5d2f7979a,,brainio_brainscore
brendel.Geirhos2021_cue-conflict,stimulus_set,StimulusSet,S3,https://brainio-brainscore.s3.amazonaws.com/image_brendel_Geirhos2021_cue-conflict.csv,8d3ae89d8870fb7d7c5d5ff387085b1f0116e2b7,,brainio_brainscore
brendel.Geirhos2021_cue-conflict,stimulus_set,,S3,https://brainio-brainscore.s3.amazonaws.com/image_brendel_Geirhos2021_cue-conflict.zip,7e601186b181102939cd0b43a4e8a3ca95c18259,,brainio_brainscore
brendel.Geirhos2021_colour,assembly,BehavioralAssembly,S3,https://brainio-brainscore.s3.amazonaws.com/assy_brendel_Geirhos2021_colour.nc,258862d82467614e45cc1e488a5ac909eb6e122d,brendel.Geirhos2021_colour,brainio_brainscore
brendel.Geirhos2021_contrast,assembly,BehavioralAssembly,S3,https://brainio-brainscore.s3.amazonaws.com/assy_brendel_Geirhos2021_contrast.nc,1e114c987dc035ccca43781ff8cee9689acd3c3f,brendel.Geirhos2021_contrast,brainio_brainscore
brendel.Geirhos2021_cue-conflict,assembly,BehavioralAssembly,S3,https://brainio-brainscore.s3.amazonaws.com/assy_brendel_Geirhos2021_cue-conflict.nc,cc214e3595d34565b13963c5f56049769a39a5c9,brendel.Geirhos2021_cue-conflict,brainio_brainscore
brendel.Geirhos2021_edge,assembly,BehavioralAssembly,S3,https://brainio-brainscore.s3.amazonaws.com/assy_brendel_Geirhos2021_edge.nc,ab1dc9e188e248da07215b375eb3dbcc58fde7fb,brendel.Geirhos2021_edge,brainio_brainscore
brendel.Geirhos2021_eidolonI,assembly,BehavioralAssembly,S3,https://brainio-brainscore.s3.amazonaws.com/assy_brendel_Geirhos2021_eidolonI.nc,0f01f351ae19eafc2cb5e504d98e5cd01b4c07b4,brendel.Geirhos2021_eidolonI,brainio_brainscore
brendel.Geirhos2021_eidolonII,assembly,BehavioralAssembly,S3,https://brainio-brainscore.s3.amazonaws.com/assy_brendel_Geirhos2021_eidolonII.nc,499eea0f0c0817d02b5b97d2ebab89bc4c40a153,brendel.Geirhos2021_eidolonII,brainio_brainscore
brendel.Geirhos2021_eidolonIII,assembly,BehavioralAssembly,S3,https://brainio-brainscore.s3.amazonaws.com/assy_brendel_Geirhos2021_eidolonIII.nc,e7c9a49e729f8666f8aedc6e47c746fbbe2ebe36,brendel.Geirhos2021_eidolonIII,brainio_brainscore
brendel.Geirhos2021_false-colour,assembly,BehavioralAssembly,S3,https://brainio-brainscore.s3.amazonaws.com/assy_brendel_Geirhos2021_false-colour.nc,4dc072264651c81575564ba4818a12b8e8039c65,brendel.Geirhos2021_false-colour,brainio_brainscore
brendel.Geirhos2021_high-pass,assembly,BehavioralAssembly,S3,https://brainio-brainscore.s3.amazonaws.com/assy_brendel_Geirhos2021_high-pass.nc,5df45c69127758f1ba3391671c521711050e3b4d,brendel.Geirhos2021_high-pass,brainio_brainscore
brendel.Geirhos2021_low-pass,assembly,BehavioralAssembly,S3,https://brainio-brainscore.s3.amazonaws.com/assy_brendel_Geirhos2021_low-pass.nc,75ab628d9e6d0d634290567b1cb261d7f8dc61e2,brendel.Geirhos2021_low-pass,brainio_brainscore
brendel.Geirhos2021_phase-scrambling,assembly,BehavioralAssembly,S3,https://brainio-brainscore.s3.amazonaws.com/assy_brendel_Geirhos2021_phase-scrambling.nc,4124f9f5b86fb6ed82c98197d292eef50b608aba,brendel.Geirhos2021_phase-scrambling,brainio_brainscore
brendel.Geirhos2021_power-equalisation,assembly,BehavioralAssembly,S3,https://brainio-brainscore.s3.amazonaws.com/assy_brendel_Geirhos2021_power-equalisation.nc,0aba1b50a7e0802d76c41d332a121a3f96ef4f7d,brendel.Geirhos2021_power-equalisation,brainio_brainscore
brendel.Geirhos2021_rotation,assembly,BehavioralAssembly,S3,https://brainio-brainscore.s3.amazonaws.com/assy_brendel_Geirhos2021_rotation.nc,e51a5c3bc95ade159e71aa602232063730bcd57b,brendel.Geirhos2021_rotation,brainio_brainscore
brendel.Geirhos2021_silhouette,assembly,BehavioralAssembly,S3,https://brainio-brainscore.s3.amazonaws.com/assy_brendel_Geirhos2021_silhouette.nc,7dc94991465fe8009244e0d6fb8283419a1f9885,brendel.Geirhos2021_silhouette,brainio_brainscore
brendel.Geirhos2021_sketch,assembly,BehavioralAssembly,S3,https://brainio-brainscore.s3.amazonaws.com/assy_brendel_Geirhos2021_sketch.nc,6709850864cea16d99a29fb31ae3c4a489983562,brendel.Geirhos2021_sketch,brainio_brainscore
brendel.Geirhos2021_stylized,assembly,BehavioralAssembly,S3,https://brainio-brainscore.s3.amazonaws.com/assy_brendel_Geirhos2021_stylized.nc,dcf15f292e787a88e1e0f271e6b2838d6bdadfd3,brendel.Geirhos2021_stylized,brainio_brainscore
brendel.Geirhos2021_uniform-noise,assembly,BehavioralAssembly,S3,https://brainio-brainscore.s3.amazonaws.com/assy_brendel_Geirhos2021_uniform-noise.nc,f5e8b2636738f978c71591b8df6f8a21a66b72d1,brendel.Geirhos2021_uniform-noise,brainio_brainscore
katz.BarbuMayo2019,stimulus_set,StimulusSet,S3,https://brainio-brainscore.s3.amazonaws.com/image_katz_BarbuMayo2019.csv,e4d8888ccb6beca28636e6698e7beb130e278e12,,brainio_brainscore
katz.BarbuMayo2019,stimulus_set,,S3,https://brainio-brainscore.s3.amazonaws.com/image_katz_BarbuMayo2019.zip,1365eb2a7231516806127a7d2a908343a7ac9464,,brainio_brainscore
kellmen.Baker2022_inverted_distortion,stimulus_set,StimulusSet,S3,https://brainio-brainscore.s3.amazonaws.com/stimulus_kellmen_Baker2022_inverted_distortion.csv,9210c379cc138b48e65ff2d2c1edd42d0f09a5d4,,
kellmen.Baker2022_inverted_distortion,stimulus_set,,S3,https://brainio-brainscore.s3.amazonaws.com/stimulus_kellmen_Baker2022_inverted_distortion.zip,b0bfe3a8c34d894e10880b22997f921e6798ae70,,
kellmen.Baker2022_inverted_distortion,assembly,BehavioralAssembly,S3,https://brainio-brainscore.s3.amazonaws.com/assy_kellmen_Baker2022_inverted_distortion.nc,faf1dce1abfd49a295fd390f1de26b663f034611,kellmen.Baker2022_inverted_distortion,
kellmen.Baker2022_normal_distortion,stimulus_set,StimulusSet,S3,https://brainio-brainscore.s3.amazonaws.com/stimulus_kellmen_Baker2022_normal_distortion.csv,f0a21dbd7253a9144f8ee0ce3af44542139cbe8f,,
kellmen.Baker2022_normal_distortion,stimulus_set,,S3,https://brainio-brainscore.s3.amazonaws.com/stimulus_kellmen_Baker2022_normal_distortion.zip,c8ac4190fb7a08d22793f98bcb91db5d68a5abd0,,
kellmen.Baker2022_normal_distortion,assembly,BehavioralAssembly,S3,https://brainio-brainscore.s3.amazonaws.com/assy_kellmen_Baker2022_normal_distortion.nc,4c41d0d8e227b72dddfbd60dd3e3a1bc7a29e7f7,kellmen.Baker2022_normal_distortion,
